{
  "__inputs": [
    {
      "name": "DS_TEST-CLUSTER",
      "label": "test-cluster",
      "description": "",
      "type": "datasource",
      "pluginId": "prometheus",
      "pluginName": "Prometheus"
    }
  ],
  "__requires": [
    {
      "type": "grafana",
      "id": "grafana",
      "name": "Grafana",
      "version": "5.4.3"
    },
    {
      "type": "panel",
      "id": "graph",
      "name": "Graph",
      "version": "5.0.0"
    },
    {
      "type": "datasource",
      "id": "prometheus",
      "name": "Prometheus",
      "version": "5.0.0"
    }
  ],
  "annotations": {
    "list": [
      {
        "builtIn": 1,
        "datasource": "${DS_TEST-CLUSTER}",
        "enable": true,
        "hide": true,
        "iconColor": "rgba(0, 211, 255, 1)",
        "name": "Annotations & Alerts",
        "type": "dashboard"
      }
    ]
  },
  "editable": true,
  "gnetId": null,
  "graphTooltip": 0,
  "id": null,
  "iteration": 1560225374091,
  "links": [],
  "panels": [
    {
      "collapsed": true,
      "gridPos": {
        "h": 1,
        "w": 24,
        "x": 0,
        "y": 0
      },
      "id": 2,
      "panels": [
        {
          "aliasColors": {},
          "bars": false,
          "dashLength": 10,
          "dashes": false,
          "datasource": "${DS_TEST-CLUSTER}",
          "fill": 1,
          "gridPos": {
            "h": 9,
            "w": 12,
            "x": 0,
            "y": 1
          },
          "id": 4,
          "legend": {
            "alignAsTable": true,
            "avg": true,
            "current": true,
            "max": true,
            "min": false,
            "rightSide": true,
            "show": true,
            "total": false,
            "values": true
          },
          "lines": true,
          "linewidth": 1,
          "links": [],
          "nullPointMode": "null",
          "percentage": false,
          "pointradius": 5,
          "points": false,
          "renderer": "flot",
          "scopedVars": {
            "command": {
              "selected": false,
              "text": "raw_batch_get",
              "value": "raw_batch_get"
            }
          },
          "seriesOverrides": [],
          "spaceLength": 10,
          "stack": false,
          "steppedLine": false,
          "targets": [
            {
              "expr": "histogram_quantile(0.99, sum(rate(tikv_scheduler_command_duration_seconds_bucket{instance=~\"$instance\", type=~\"$command\"}[1m])) by (le))",
              "format": "time_series",
              "intervalFactor": 1,
              "legendFormat": "99%",
              "refId": "A",
              "target": "select metric",
              "type": "timeserie"
            },
            {
              "expr": "histogram_quantile(0.95, sum(rate(tikv_scheduler_command_duration_seconds_bucket{instance=~\"$instance\", type=~\"$command\"}[1m])) by (le))",
              "format": "time_series",
              "intervalFactor": 1,
              "legendFormat": "95%",
              "refId": "B"
            },
            {
              "expr": "sum(rate(tikv_scheduler_command_duration_seconds_sum{instance=~\"$instance\", type=~\"$command\"}[1m])) / sum(rate(tikv_scheduler_command_duration_seconds_count{instance=~\"$instance\", type=~\"$command\"}[1m])) ",
              "format": "time_series",
              "intervalFactor": 1,
              "legendFormat": "avg",
              "refId": "C"
            }
          ],
          "thresholds": [],
          "timeFrom": null,
          "timeRegions": [],
          "timeShift": null,
          "title": "Command Duration",
          "tooltip": {
            "shared": true,
            "sort": 0,
            "value_type": "individual"
          },
          "type": "graph",
          "xaxis": {
            "buckets": null,
            "mode": "time",
            "name": null,
            "show": true,
            "values": []
          },
          "yaxes": [
            {
              "format": "ms",
              "label": null,
              "logBase": 1,
              "max": null,
              "min": null,
              "show": true
            },
            {
              "format": "short",
              "label": null,
              "logBase": 1,
              "max": null,
              "min": null,
              "show": true
            }
          ],
          "yaxis": {
            "align": false,
            "alignLevel": null
          }
        },
        {
          "aliasColors": {},
          "bars": false,
          "dashLength": 10,
          "dashes": false,
          "datasource": "${DS_TEST-CLUSTER}",
          "fill": 1,
          "gridPos": {
            "h": 9,
            "w": 12,
            "x": 12,
            "y": 1
          },
          "id": 6,
          "legend": {
            "alignAsTable": true,
            "avg": true,
            "current": true,
            "max": true,
            "min": false,
            "rightSide": true,
            "show": true,
            "total": false,
            "values": true
          },
          "lines": true,
          "linewidth": 1,
          "links": [],
          "nullPointMode": "null",
          "percentage": false,
          "pointradius": 5,
          "points": false,
          "renderer": "flot",
          "scopedVars": {
            "command": {
              "selected": false,
              "text": "raw_batch_get",
              "value": "raw_batch_get"
            }
          },
          "seriesOverrides": [],
          "spaceLength": 10,
          "stack": false,
          "steppedLine": false,
          "targets": [
            {
              "expr": "histogram_quantile(0.99, sum(rate(tikv_scheduler_processing_read_duration_seconds_bucket{instance=~\"$instance\", type=~\"$command\"}[1m])) by (le))",
              "format": "time_series",
              "intervalFactor": 1,
              "legendFormat": "99%",
              "refId": "A",
              "target": "select metric",
              "type": "timeserie"
            },
            {
              "expr": "histogram_quantile(0.95, sum(rate(tikv_scheduler_processing_read_duration_seconds_bucket{instance=~\"$instance\", type=~\"$command\"}[1m])) by (le))",
              "format": "time_series",
              "intervalFactor": 1,
              "legendFormat": "95%",
              "refId": "B"
            },
            {
              "expr": "sum(rate(tikv_scheduler_processing_read_duration_seconds_sum{instance=~\"$instance\", type=~\"$command\"}[1m])) / sum(rate(tikv_scheduler_processing_read_duration_seconds_count{instance=~\"$instance\", type=~\"$command\"}[1m]))",
              "format": "time_series",
              "intervalFactor": 1,
              "legendFormat": "avg",
              "refId": "C"
            }
          ],
          "thresholds": [],
          "timeFrom": null,
          "timeRegions": [],
          "timeShift": null,
          "title": "Read Processing Duration",
          "tooltip": {
            "shared": true,
            "sort": 0,
            "value_type": "individual"
          },
          "type": "graph",
          "xaxis": {
            "buckets": null,
            "mode": "time",
            "name": null,
            "show": true,
            "values": []
          },
          "yaxes": [
            {
              "format": "ms",
              "label": null,
              "logBase": 1,
              "max": null,
              "min": null,
              "show": true
            },
            {
              "format": "short",
              "label": null,
              "logBase": 1,
              "max": null,
              "min": null,
              "show": true
            }
          ],
          "yaxis": {
            "align": false,
            "alignLevel": null
          }
        }
      ],
      "repeat": "command",
      "title": "Read - $command",
      "type": "row"
    }
  ],
  "refresh": false,
  "schemaVersion": 16,
  "style": "dark",
  "tags": [],
  "templating": {
    "list": [
      {
        "allValue": null,
        "current": {},
        "datasource": "${DS_TEST-CLUSTER}",
        "definition": "label_values(tikv_storage_command_total, type)",
        "hide": 0,
        "includeAll": true,
        "label": "command",
        "multi": true,
        "name": "command",
        "options": [],
        "query": "label_values(tikv_storage_command_total, type)",
        "refresh": 1,
        "regex": "raw_get|raw_scan|raw_batch_get|raw_batch_scan",
        "skipUrlSync": false,
        "sort": 0,
        "tagValuesQuery": "",
        "tags": [],
        "tagsQuery": "",
        "type": "query",
        "useTags": false
      },
      {
        "allValue": null,
        "current": {},
        "datasource": "${DS_TEST-CLUSTER}",
        "definition": "label_values(tikv_engine_size_bytes, instance)",
        "hide": 0,
        "includeAll": true,
        "label": "instance",
        "multi": true,
        "name": "instance",
        "options": [],
        "query": "label_values(tikv_engine_size_bytes, instance)",
        "refresh": 1,
        "regex": "",
        "skipUrlSync": false,
        "sort": 0,
        "tagValuesQuery": "",
        "tags": [],
        "tagsQuery": "",
        "type": "query",
        "useTags": false
      }
    ]
  },
  "time": {
    "from": "now-5m",
    "to": "now"
  },
  "timepicker": {
    "refresh_intervals": [
      "5s",
      "10s",
      "30s",
      "1m",
      "5m",
      "15m",
      "30m",
      "1h",
      "2h",
      "1d"
    ],
    "time_options": [
      "5m",
      "15m",
      "1h",
      "6h",
      "12h",
      "24h",
      "2d",
      "7d",
      "30d"
    ]
  },
  "timezone": "",
  "title": "Test-Cluster-TiKV-Raw",
  "uid": "K0D2tEZZz",
  "version": 1
}